id,name,Released,background_image,rating,PlayTime,platforms/0/Platform/name,platforms/1/Platform/name,platforms/2/Platform/name,platforms/3/Platform/name,platforms/4/Platform/name,Genres/0/Name,Genres/1/Name,Tags/0/Name,Tags/1/Name,Tags/2/Name,Tags/3/Name,Tags/4/Name,Tags/5/Name,Tags/6/Name,Tags/7/Name,Tags/8/Name,Tags/9/Name,Tags/10/Name,Tags/11/Name,Tags/12/Name,Tags/13/Name,Tags/14/Name,Tags/15/Name,Tags/16/Name,Tags/17/Name,Tags/18/Name,Tags/19/Name,Tags/20/Name,Tags/21/Name,Tags/22/Name,Tags/23/Name,Tags/24/Name,Genres/2/Name,platforms/5/Platform/name,Tags/25/Name,Tags/26/Name,Tags/27/Name,platforms/6/Platform/name,platforms/7/Platform/name,platforms/8/Platform/name,platforms/9/Platform/name,platforms/10/Platform/name,Genres/3/Name,Genres/4/Name,Tags/28/Name,Tags/29/Name,Tags/30/Name,Tags/31/Name
3498,Grand Theft Auto V,2013-09-17T00:00:00,https://media.rawg.io/media/games/b11/b115b2bc6a5957a917bc7601f4abdda2.jpg,4.48,68,PC,PlayStation 4,PlayStation 3,Xbox 360,Xbox One,Action,Adventure,Full controller support,Steam Achievements,Atmospheric,Comedy,Co-op,Crime,First-Person,Funny,Great Soundtrack,Moddable,Multiplayer,Open World,RPG,Sandbox,Singleplayer,Third Person,Third-Person Shooter,cooperative,,,,,,,,,,,,,,,,,,,,,,,
4200,Portal 2,2011-04-19T00:00:00,https://media.rawg.io/media/games/328/3283617cb7d75d67257fc58339188742.jpg,4.61,11,PlayStation 3,PC,Xbox 360,Linux,macOS,Shooter,Puzzle,Captions available,Commentary available,Full controller support,Includes level editor,Steam Achievements,Steam Cloud,Atmospheric,Steam Workshop,Comedy,Co-op,Female Protagonist,First-Person,FPS,Funny,Local Co-Op,Multiplayer,Online Co-Op,Science,Sci-fi,Singleplayer,Space,Story Rich,cooperative,steam-trading-cards,stats,,,,,,,,,,,,,,,,
3328,The Witcher 3: Wild Hunt,2015-05-18T00:00:00,https://media.rawg.io/media/games/088/088b41ca3f9d22163e43be07acf42304.jpg,4.68,52,PC,Xbox One,Nintendo Switch,PlayStation 4,,Action,Adventure,Full controller support,Action RPG,Atmospheric,Choices Matter,Dark,Dark Fantasy,Fantasy,Great Soundtrack,Magic,Mature,Medieval,Multiple Endings,Nudity,Open World,RPG,Sandbox,Singleplayer,Story Rich,Third Person,controller support,,,,,,RPG,,,,,,,,,,,,,,,
5286,Tomb Raider (2013),2013-03-05T00:00:00,https://media.rawg.io/media/games/81b/81b138691f027ed1f8720758daa0d895.jpg,4.07,11,PlayStation 4,PC,PlayStation 3,Xbox 360,Xbox One,Action,Adventure,Full controller support,Action-Adventure,Atmospheric,Cinematic,Classic,Dinosaurs,Exploration,Female Protagonist,Lara Croft,Multiplayer,Quick-Time Events,Retro,RPG,Singleplayer,Stealth,Story Rich,Third Person,Third-Person Shooter,,,,,,,,,macOS,,,,,,,,,,,,,,
5679,The Elder Scrolls V: Skyrim,2011-11-11T00:00:00,https://media.rawg.io/media/games/e9c/e9cbc91e2090638ddab6ae0b3d334f90.jpg,4.41,43,PC,PlayStation 3,Xbox 360,Nintendo Switch,,Action,RPG,Action RPG,Partial Controller Support,Steam Achievements,Steam Cloud,Atmospheric,Steam Workshop,Character Customization,Dark Fantasy,Dragons,Fantasy,First-Person,Great Soundtrack,Lore-Rich,Magic,Medieval,Moddable,Open World,RPG,Sandbox,Singleplayer,Story Rich,Third Person,role-playing,steam-trading-cards,,,,,,,,,,,,,,,,,
12020,Left 4 Dead 2,2009-11-17T00:00:00,https://media.rawg.io/media/games/d58/d588947d4286e7b5e0e12e1bea7d9844.jpg,4.1,9,PC,Xbox 360,,,,Action,Shooter,Captions available,Commentary available,Full controller support,Includes Source SDK,Steam Achievements,Steam Cloud,Steam Workshop,Valve Anti-Cheat enabled,Co-op,First-Person,FPS,Gore,Horror,Local Co-Op,Moddable,Multiplayer,Online Co-Op,Post-apocalyptic,Replay Value,Singleplayer,Survival,Survival Horror,Tactical,Team-Based,Zombies,,,cooperative,steam-trading-cards,stats,,,,,,,,,,,
802,Borderlands 2,2012-09-18T00:00:00,https://media.rawg.io/media/games/588/588c6bdff3d4baf66ec36b1c05b793bf.jpg,4.05,9,PC,PlayStation 3,Xbox 360,PlayStation 4,macOS,Action,Shooter,Full controller support,Action RPG,Steam Achievements,Steam Cloud,Atmospheric,Comedy,Co-op,Dark Humor,FPS,Funny,Futuristic,Loot,Memes,Multiplayer,Online Co-Op,Open World,RPG,Sci-fi,Singleplayer,Stylized,cooperative,steam-trading-cards,,,,RPG,Xbox One,,,,,,,,,,,,,,
4062,BioShock Infinite,2013-03-26T00:00:00,https://media.rawg.io/media/games/fc1/fc1307a2774506b5bd65d7e8424664a7.jpg,4.38,12,Linux,PC,PlayStation 3,PlayStation 4,Xbox 360,Action,Shooter,Full controller support,Alternate History,Steam Achievements,Steam Cloud,Atmospheric,Controller,Dystopian,Fantasy,First-Person,FPS,Gore,Great Soundtrack,Linear,Political,RPG,Sci-fi,Singleplayer,Steampunk,Story Rich,Time Travel,steam-trading-cards,,,,,,Xbox One,,,,,,,,,,,,,,
13536,Portal,2007-10-09T00:00:00,https://media.rawg.io/media/games/7fa/7fa0b586293c5861ee32490e953a4996.jpg,4.52,4,macOS,Android,PC,Linux,PlayStation 3,Action,Adventure,Captions available,Commentary available,Includes level editor,Includes Source SDK,Partial Controller Support,Steam Achievements,Atmospheric,Classic,Comedy,Dark Humor,Female Protagonist,First-Person,FPS,Funny,Great Soundtrack,Physics,Science,Sci-fi,Short,Singleplayer,Story Rich,,,,,Puzzle,Xbox 360,,,,,,,,,,,,,,
3439,Life is Strange,2015-01-30T00:00:00,https://media.rawg.io/media/games/562/562553814dd54e001a541e4ee83a591c.jpg,4.11,7,Android,Xbox 360,macOS,iOS,Linux,Adventure,,Full controller support,Atmospheric,Choices Matter,Episodic,Female Protagonist,Great Soundtrack,Memes,Multiple Endings,Mystery,Point & Click,Short,Singleplayer,Story Rich,Third Person,Time Manipulation,Time Travel,Walking Simulator,steam-trading-cards,,,,,,,,,Xbox One,,,,PlayStation 4,PC,PlayStation 3,,,,,,,,
4291,Counter-Strike: Global Offensive,2012-08-21T00:00:00,https://media.rawg.io/media/games/64b/64bb90ca6b1df8a36d710f6542111142.jpg,3.59,58,PC,Xbox 360,PlayStation 3,,,Action,Shooter,Full controller support,In-App Purchases,Steam Achievements,Steam Workshop,Valve Anti-Cheat enabled,Competitive,Co-op,e-sports,Fast-Paced,First-Person,FPS,Military,Moddable,Multiplayer,Online Co-Op,PvP,Realistic,Tactical,Team-Based,Trading,War,cooperative,steam-trading-cards,stats,,,,,,,,,,,,,,,,,
1030,Limbo,2010-07-21T00:00:00,https://media.rawg.io/media/games/929/9295e55ce69cf5337c567983cf8b4137.jpeg,4.15,3,PC,iOS,Linux,macOS,Android,Action,Adventure,2D,Full controller support,Steam Achievements,Steam Cloud,Atmospheric,Cinematic,Controller,Dark,Difficult,Horror,Minimalist,Physics,Puzzle-Platformer,Short,Side Scroller,Singleplayer,Surreal,controller support,overlay,,,,,,,Indie,Xbox One,,,,Xbox 360,PlayStation 3,PlayStation 4,Nintendo Switch,PS Vita,Puzzle,Platformer,,,,
13537,Half-Life 2,2004-11-16T00:00:00,https://media.rawg.io/media/games/b8c/b8c243eaa0fbac8115e0cdccac3f91dc.jpg,4.49,7,Android,Linux,Xbox,macOS,PC,Action,Shooter,Captions available,Includes Source SDK,Aliens,Partial Controller Support,Steam Achievements,Steam Cloud,Atmospheric,Classic,Dystopian,First-Person,FPS,Great Soundtrack,Horror,Moddable,Multiplayer,Physics,Sci-fi,Silent Protagonist,Singleplayer,Story Rich,Zombies,steam-trading-cards,,,,,Xbox 360,,,,,,,,,,,,,,
4286,BioShock,2007-08-21T00:00:00,https://media.rawg.io/media/games/bc0/bc06a29ceac58652b684deefe7d56099.jpg,4.38,3,Xbox One,PC,PlayStation 4,PlayStation 3,macOS,Action,Shooter,Action RPG,Alternate History,Partial Controller Support,Atmospheric,Classic,Dark,Dystopian,First-Person,FPS,Great Soundtrack,Horror,Political,RPG,Sci-fi,Singleplayer,Steampunk,Story Rich,Underwater,,,,,,,,,iOS,,,,Xbox 360,,,,,,,,,,
11859,Team Fortress 2,2007-10-10T00:00:00,https://media.rawg.io/media/games/8e0/8e032ac4faf1136e7d708bb3ac61af23.jpg,3.68,9,PC,Linux,macOS,,,Action,Shooter,Cross-Platform Multiplayer,Captions available,Commentary available,In-App Purchases,Includes level editor,Partial Controller Support,Steam Achievements,Steam Workshop,Valve Anti-Cheat enabled,Cartoon,Cartoony,Class-Based,Comedy,Competitive,Co-op,Crafting,First-Person,FPS,Free to Play,Funny,Moddable,Multiplayer,Online Co-Op,Robots,Tactical,,,Team-Based,Trading,cooperative,,,,,,,,steam-trading-cards,stats,,
28,Red Dead Redemption 2,2018-10-26T00:00:00,https://media.rawg.io/media/games/511/5118aff5091cb3efec399c808f8c598f.jpg,4.56,23,PC,Xbox One,PlayStation 4,,,Action,Adventure,In-App Purchases,America,Partial Controller Support,Atmospheric,Blood,Cinematic,Co-op,Crime,Exploration,First-Person,FPS,Gore,Great Soundtrack,Hunting,Mature,Multiplayer,Online Co-Op,Open World,PvP,Realistic,Sandbox,Singleplayer,Story Rich,Third Person,Third-Person Shooter,RPG,,Violent,Western,3rd-Person Perspective,,,,,,,,Beautiful,Masterpiece,3rd-person,Online PvP
3939,PAYDAY 2,2013-08-13T00:00:00,https://media.rawg.io/media/games/73e/73eecb8909e0c39fb246f457b5d6cbbe.jpg,3.5,8,PC,Linux,Xbox One,,,Action,Shooter,Full controller support,In-App Purchases,Steam Achievements,Co-op,Crime,First-Person,FPS,Funny,Great Soundtrack,Gun Customization,Heist,Multiplayer,Online Co-Op,PvE,Singleplayer,Stealth,Tactical,Team-Based,cooperative,steam-trading-cards,,,,,,,,,,,,,,,,,,,,,
2454,DOOM (2016),2016-05-13T00:00:00,https://media.rawg.io/media/games/c4b/c4b0cab189e73432de3a250d8cf1c84e.jpg,4.4,11,PC,Nintendo Switch,PlayStation 4,Xbox One,,Action,Shooter,Partial Controller Support,Steam Achievements,Steam Cloud,Atmospheric,Blood,Classic,Co-op,Demons,Difficult,Fast-Paced,First-Person,FPS,Gore,Great Soundtrack,Horror,Memes,Multiplayer,Remake,Sci-fi,Singleplayer,Zombies,cooperative,steam-trading-cards,,,,,,,,,,,,,,,,,,
3070,Fallout 4,2015-11-09T00:00:00,https://media.rawg.io/media/games/c88/c885ae6a24bbce21df93b6c4e1c78899.jpg,3.75,47,PC,Xbox One,PlayStation 4,,,Action,RPG,Full controller support,Action RPG,Steam Achievements,Steam Cloud,Atmospheric,Exploration,First-Person,FPS,Great Soundtrack,Open World,Post-apocalyptic,RPG,Sandbox,Sci-fi,Singleplayer,Story Rich,Survival,Third Person,Third-Person Shooter,,,,,,,,,,,,,,,,,,,,,,
4459,Grand Theft Auto IV,2008-04-29T00:00:00,https://media.rawg.io/media/games/4a0/4a0a1316102366260e6f38fd2a9cfdce.jpg,4.22,9,PC,PlayStation 3,Xbox 360,,,Action,Adventure,Partial Controller Support,Atmospheric,Bowling,Classic,Co-op,Crime,Dark Humor,Funny,Gore,Moddable,Multiplayer,Open World,Sandbox,Satire,Singleplayer,Third Person,Third-Person Shooter,cooperative,,,,,,,,,,,,,,,,,,,,,,,
10213,Dota 2,2013-07-09T00:00:00,https://media.rawg.io/media/games/83f/83f6f70a7c1b86cd2637b029d8b42caa.jpg,3.11,14,Linux,macOS,PC,Action,Massively Multiplayer,In-App Purchases,Action RPG,Steam Workshop,Valve Anti-Cheat enabled,Character Customization,Competitive,Co-op,Difficult,e-sports,Fantasy,Free to Play,MOBA,Multiplayer,SteamVR Collectibles,Online Co-Op,PvP,Replay Value,RPG,RTS,Team-Based,Tower Defense,cooperative,steam-trading-cards,,,,,,,,,,,,,,,,,,,,
23027,The Walking Dead: Season 1,2012-04-23T00:00:00,https://media.rawg.io/media/games/8d6/8d69eb6c32ed6acfd75f82d532144993.jpg,4.27,8,iOS,macOS,PC,Action,Adventure,Full controller support,Atmospheric,Choices Matter,Choose Your Own Adventure,Comic Book,Drama,Episodic,Gore,Horror,Mature,Point & Click,Post-apocalyptic,Quick-Time Events,Singleplayer,Story Rich,Survival,Third Person,Visual Novel,Zombies,,,,,Android,Nintendo Switch,PlayStation 3,Xbox One,PlayStation 4,PS Vita,Xbox 360,,,,,,,,,,,,,
58175,God of War,2018-04-20T00:00:00,https://media.rawg.io/media/games/4be/4be6a6ad0364751a96229c56bf69be59.jpg,4.6,20,PlayStation 4,,,Action,Adventure,Action-Adventure,Atmospheric,Blood,RPG,Singleplayer,3rd-Person Perspective,exclusive,true exclusive,,,,,,,,,,,,,,,,,,,,,,,,,,,,,,,,,,,
3272,Rocket League,2015-07-07T00:00:00,https://media.rawg.io/media/games/88c/88c5b4d7c80276c03ff62aebb1a99ad4.jpg,4.03,17,Linux,macOS,PC,Action,Sports,Cross-Platform Multiplayer,Full controller support,4 Player Local,Steam Achievements,Steam Cloud,Steam Workshop,Competitive,Co-op,Fast-Paced,Football,Funny,Great Soundtrack,Local Co-Op,Local Multiplayer,Multiplayer,Online Co-Op,Singleplayer,Soccer,Split Screen,Team-Based,cooperative,steam-trading-cards,stats,PlayStation 4,Xbox One,Nintendo Switch,,,,,Racing,Indie,,,,,,,,,,,
3192,METAL GEAR SOLID V: THE PHANTOM PAIN,2015-09-01T00:00:00,https://media.rawg.io/media/games/490/49016e06ae2103881ff6373248843069.jpg,4.17,30,PC,Xbox One,Xbox 360,Action,Shooter,Captions available,Full controller support,Steam Achievements,Steam Cloud,Steam Leaderboards,Atmospheric,Cinematic,Dark,Great Soundtrack,Heist,Horses,Multiplayer,Open World,Replay Value,Sandbox,Sci-fi,Singleplayer,Stealth,Story Rich,Tactical,Third Person,Third-Person Shooter,steam-trading-cards,PlayStation 3,PlayStation 4,,,,,,,,,,,,,,,,,,
32,Destiny 2,2017-09-06T00:00:00,https://media.rawg.io/media/games/34b/34b1f1850a1c06fd971bc6ab3ac0ce0e.jpg,3.65,3,PlayStation 5,Web,Xbox Series X,Action,Shooter,Full controller support,Action-Adventure,Aliens,Atmospheric,Co-op,Exploration,First-Person,FPS,Free to Play,Futuristic,Great Soundtrack,Loot,Lore-Rich,MMORPG,Multiplayer,Online Co-Op,Open World,PvE,PvP,Sci-fi,Singleplayer,Space,Online multiplayer,PC,Xbox One,PlayStation 4,,,,,Massively Multiplayer,,cooperative,3rd-Person Perspective,Masterpiece,,,,,,,,
19103,Half-Life 2: Lost Coast,2005-10-27T00:00:00,https://media.rawg.io/media/games/b7b/b7b8381707152afc7d91f5d95de70e39.jpg,3.47,1,PC,Linux,macOS,Action,,Commentary available,Aliens,Atmospheric,Benchmark,Classic,Dystopian,First-Person,FPS,Free to Play,Futuristic,Great Soundtrack,Illuminati,Multiplayer,Sci-fi,Short,Silent Protagonist,Singleplayer,,,,,,,,,,,,,,,,,,,,,,,,,,
766,Warframe,2013-03-25T00:00:00,https://media.rawg.io/media/games/2c4/2c4ec7b64079b561667850593d23c417.jpg,3.48,7,Xbox Series X,PlayStation 5,PC,Action,Shooter,In-App Purchases,Partial Controller Support,Co-op,Cyberpunk,FPS,Free to Play,Futuristic,Hack and Slash,Multiplayer,Ninja,Online Co-Op,Parkour,PvE,RPG,Sci-fi,Singleplayer,Space,Third Person,Third-Person Shooter,cooperative,role-playing,steam-trading-cards,looter shooter,Nintendo Switch,Xbox One,PlayStation 4,,,,,Massively Multiplayer,,,,,,,,,,,,
29028,Metro 2033,2010-03-16T00:00:00,https://media.rawg.io/media/games/120/1201a40e4364557b124392ee50317b99.jpg,3.9,3,PC,Xbox 360,,Action,Shooter,3D Vision,Full controller support,Steam Achievements,Steam Cloud,Atmospheric,Based On A Novel,Benchmark,Dark,First-Person,FPS,Great Soundtrack,Horror,Linear,Post-apocalyptic,Sci-fi,Singleplayer,Stealth,Story Rich,Survival,Survival Horror,,,,,,,,,,,,,,,,,,,,,,,
16944,The Witcher 2: Assassins of Kings Enhanced Edition,2012-04-16T00:00:00,https://media.rawg.io/media/games/6cd/6cd653e0aaef5ff8bbd295bf4bcb12eb.jpg,4.21,7,PC,Xbox 360,,RPG,,Partial Controller Support,Steam Achievements,Steam Cloud,Steam Leaderboards,Atmospheric,Based On A Novel,Choices Matter,Dark,Dark Fantasy,Difficult,Fantasy,Magic,Mature,Medieval,Multiple Endings,Nonlinear,Nudity,Open World,RPG,Singleplayer,Story Rich,Third Person,steam-trading-cards,,,,,,,,,,,,,,,,,,,,
278,Horizon Zero Dawn,2017-02-28T00:00:00,https://media.rawg.io/media/games/b7d/b7d3f1715fa8381a4e780173a197a615.jpg,4.36,0,PC,PlayStation 4,,Action,Adventure,Action RPG,Atmospheric,Cinematic,Drama,Experience,Exploration,Female Protagonist,Futuristic,Great Soundtrack,Lore-Rich,Open World,Post-apocalyptic,Robots,RPG,Sci-fi,Singleplayer,Stealth,Story Rich,Third Person,role-playing,3rd-Person Perspective,3rd-person,atmosphere,,,,,,,,RPG,,exclusive,true exclusive,,,,,,,,,
11973,Middle-earth: Shadow of Mordor,2014-09-30T00:00:00,https://media.rawg.io/media/games/d1a/d1a2e99ade53494c6330a0ed945fe823.jpg,3.9,13,Linux,PC,macOS,Action,RPG,Full controller support,Action RPG,Steam Achievements,Assassin,Steam Cloud,Atmospheric,Based On A Novel,Dark Fantasy,Fantasy,Gore,Hack and Slash,Lore-Rich,Magic,Open World,Parkour,RPG,Sandbox,Singleplayer,Stealth,Story Rich,Third Person,steam,category,PlayStation 3,Xbox 360,PlayStation 4,Xbox One,,,,,,steam-trading-cards,microtranzations,,,,,,,,,
422,Terraria,2011-05-15T00:00:00,https://media.rawg.io/media/games/91c/91c4f377c1e09755b60a0102c5252843.jpg,3.98,12,Android,Nintendo Switch,Linux,Action,Indie,2D,Full controller support,Steam Achievements,Steam Cloud,Atmospheric,Building,Co-op,Crafting,Exploration,Family Friendly,Multiplayer,Online Co-Op,Open World,Pixel Graphics,Replay Value,RPG,Sandbox,Singleplayer,Survival,controller support,overlay,Online multiplayer,role-playing,macOS,iOS,Xbox 360,PS Vita,PlayStation 4,Xbox One,Wii U,Platformer,,steam-trading-cards,,,Nintendo 3DS,PlayStation 3,PC,,,,,
19710,Half-Life 2: Episode One,2006-06-01T00:00:00,https://media.rawg.io/media/games/7a2/7a2500ee8b2c0e1ff268bb4479463dea.jpg,4.38,4,PC,macOS,Android,Action,Shooter,Captions available,Commentary available,Includes Source SDK,Aliens,Partial Controller Support,Steam Achievements,Steam Cloud,Atmospheric,Cinematic,Classic,Dystopian,Episodic,First-Person,FPS,Great Soundtrack,Moddable,Sci-fi,Short,Silent Protagonist,Singleplayer,Story Rich,Zombies,stats,Xbox 360,Linux,,,,,,,,,,,,,,,,,,
4332,Spec Ops: The Line,2012-06-26T00:00:00,https://media.rawg.io/media/games/b49/b4912b5dbfc7ed8927b65f05b8507f6c.jpg,4.07,5,PC,PlayStation 3,Xbox 360,Action,Shooter,Cross-Platform Multiplayer,Full controller support,Steam Achievements,Steam Cloud,Atmospheric,Steam Leaderboards,Based On A Novel,Co-op,Dark,Great Soundtrack,Horror,Mature,Military,Multiplayer,Political,Post-apocalyptic,Psychological,Singleplayer,Story Rich,Third Person,Third-Person Shooter,War,stats,,,,,,,,,,european,,,,,,,,,,
7689,Rise of the Tomb Raider,2015-11-10T00:00:00,https://media.rawg.io/media/games/b45/b45575f34285f2c4479c9a5f719d972e.jpg,4.02,15,PC,Xbox One,PlayStation 4,Action,Platformer,Full controller support,Action-Adventure,Steam Achievements,Steam Cloud,Atmospheric,Steam Leaderboards,Exploration,Female Protagonist,Great Soundtrack,Lara Croft,Open World,Parkour,Quick-Time Events,RPG,Singleplayer,Stealth,Story Rich,Survival,Third Person,Third-Person Shooter,steam-trading-cards,,,macOS,,,,,,,,,,,,,,,,,,,
10035,HITMAN,2017-11-16T00:00:00,https://media.rawg.io/media/games/16b/16b1b7b36e2042d1128d5a3e852b3b2f.jpg,3.91,7,Linux,macOS,PC,Action,Shooter,Full controller support,Steam Achievements,Assassin,Steam Cloud,Atmospheric,Crime,Episodic,Great Soundtrack,Heist,Illuminati,Nudity,Open World,Sandbox,Singleplayer,Stealth,Story Rich,Tactical,Third Person,Third-Person Shooter,steam-trading-cards,,,,Xbox One,PlayStation 4,,,,,,,,,,,,,,,,,,
19709,Half-Life 2: Episode Two,2007-10-09T00:00:00,https://media.rawg.io/media/games/198/1988a337305e008b41d7f536ce9b73f6.jpg,4.43,5,PC,Android,macOS,Shooter,,Captions available,Commentary available,Includes Source SDK,Aliens,Partial Controller Support,Steam Achievements,Steam Cloud,Atmospheric,Classic,Dystopian,Episodic,First-Person,FPS,Great Soundtrack,Horror,Multiplayer,Post-apocalyptic,Sci-fi,Silent Protagonist,Singleplayer,Story Rich,Zombies,stats,Xbox 360,Linux,,,,,,,,,,,,,,,,,,
13668,Amnesia: The Dark Descent,2010-09-07T00:00:00,https://media.rawg.io/media/games/ed5/ed5b7d01dd68fd8d598c91ad61f153af.jpg,3.62,2,PC,Linux,macOS,Action,Adventure,Captions available,Commentary available,Full controller support,Atmospheric,Classic,Dark,Exploration,First-Person,Gothic,Great Soundtrack,Horror,Lovecraftian,Moddable,Singleplayer,Stealth,Story Rich,Survival,Survival Horror,,,,,,,,,,,,,Indie,,,,,,,,,,,,
3287,Batman: Arkham Knight,2015-06-23T00:00:00,https://media.rawg.io/media/games/310/3106b0e012271c5ffb16497b070be739.jpg,4.2,20,PC,Xbox One,PlayStation 4,Action,,Full controller support,Steam Achievements,Steam Cloud,Atmospheric,Steam Leaderboards,Batman,Beat 'em up,Comic Book,Dark,Detective,Horror,Mature,Open World,Sandbox,Singleplayer,Stealth,Story Rich,Superhero,Third Person,steam-trading-cards,,,,,,,,,,,,,,,,,,,,,,,
4427,BioShock 2,2010-02-09T00:00:00,https://media.rawg.io/media/games/157/15742f2f67eacff546738e1ab5c19d20.jpg,4.05,3,Xbox One,PC,PlayStation 4,PlayStation 3,Xbox 360,macOS,Action,Shooter,Full controller support,Action RPG,Steam Achievements,Atmospheric,Dark,Dystopian,First-Person,FPS,Great Soundtrack,Horror,Linear,Multiplayer,Philisophical,RPG,Sci-fi,Singleplayer,Steampunk,Story Rich,Underwater,,,,,,,,,,,,,,,,,,,,,
11936,Half-Life 2: Deathmatch,2004-11-01T00:00:00,https://media.rawg.io/media/games/ec3/ec3a7db7b8ab5a71aad622fe7c62632f.jpg,3.34,1,PC,macOS,Linux,,,,Action,,Includes Source SDK,Atmospheric,Valve Anti-Cheat enabled,Competitive,Co-op,First-Person,FPS,Free to Play,Funny,Multiplayer,Physics,Sci-fi,cooperative,,,,,,,,,,,,,,,,,,,,,,,,,,,
3612,Hotline Miami,2012-10-22T00:00:00,https://media.rawg.io/media/games/9fa/9fa63622543e5d4f6d99aa9d73b043de.jpg,4.33,5,Nintendo Switch,Linux,PC,PS Vita,PlayStation 4,Xbox One,Action,Shooter,1980s,2D,Partial Controller Support,Steam Achievements,Atmospheric,Difficult,Fast-Paced,Gore,Great Soundtrack,Music,Pixel Graphics,Psychedelic,Retro,Singleplayer,Surreal,Top-Down,Top-Down Shooter,Violent,controller support,Arcade,Indie,overlay,steam-trading-cards,,,,,,,,,,,,,,,,,
2462,Uncharted 4: A Thiefâ€™s End,2016-05-10T00:00:00,https://media.rawg.io/media/games/0ea/0ea05d4703f3af63a570471fbad79d40.jpg,4.53,0,PlayStation 4,,,,,,Action,Adventure,Action-Adventure,Atmospheric,3rd-Person Perspective,,,,,,,,,,,,,,,,,,,,,,,,,,,,,,,,,,,,,
4252,Mirror's Edge,2008-11-11T00:00:00,https://media.rawg.io/media/games/e46/e462e92b46e8df13e78a806191610d47.jpg,4.08,3,PC,PlayStation 3,Xbox 360,,,,Action,Platformer,Full controller support,Partial Controller Support,Atmospheric,Classic,Colorful,Dystopian,Female Protagonist,First-Person,Futuristic,Great Soundtrack,Parkour,Sci-fi,Short,Singleplayer,Stylized,Time Attack,european,,,,,,,,,,,,,,,,,,,,,,,
3790,Outlast,2013-09-03T00:00:00,https://media.rawg.io/media/games/9dd/9ddabb34840ea9227556670606cf8ea3.jpg,3.63,3,Linux,PC,macOS,Nintendo Switch,Xbox One,PlayStation 4,Action,Adventure,Captions available,Full controller support,3D Vision,Steam Achievements,Steam Cloud,Atmospheric,Dark,Difficult,First-Person,FPS,Gore,Horror,Nudity,Parkour,Sci-fi,Singleplayer,Stealth,Survival,Survival Horror,Indie,,Walking Simulator,controller support,steam-trading-cards,,,,,,,,,,,,,,,,
3144,Super Meat Boy,2010-10-20T00:00:00,https://media.rawg.io/media/games/e04/e04963f3ac4c4fa83a1dc0b9231e50db.jpg,3.97,3,PC,Linux,Android,macOS,Xbox 360,Web,Action,Indie,2D,Full controller support,Steam Achievements,Steam Leaderboards,Comedy,Controller,Difficult,Fast-Paced,Funny,Gore,Great Soundtrack,Level Editor,Pixel Graphics,Replay Value,Retro,Side Scroller,Singleplayer,Time Attack,steam-trading-cards,Platformer,,,,,Wii U,PlayStation 4,PS Vita,Nintendo Switch,,,,,,,,,,,,
19487,Alan Wake,2010-05-14T00:00:00,https://media.rawg.io/media/games/5c0/5c0dd63002cb23f804aab327d40ef119.jpg,4.13,5,PC,Xbox 360,,,,,Action,Shooter,Full controller support,Steam Achievements,Steam Cloud,Atmospheric,Cinematic,Dark,Episodic,Great Soundtrack,Horror,Mystery,Narration,Singleplayer,Story Rich,Supernatural,Survival,Survival Horror,Third Person,Third-Person Shooter,Thriller,Adventure,,controller support,steam-trading-cards,,,,,,,,,,,,,,,,,
13633,Sid Meier's Civilization V,2010-09-21T00:00:00,https://media.rawg.io/media/games/55e/55ee6432ac2bf224610fa17e4c652107.jpg,4.31,25,Linux,macOS,PC,,,,Strategy,,4X,Steam Achievements,Steam Cloud,Classic,Co-op,Diplomacy,Economy,Education,Grand Strategy,Great Soundtrack,Hex Grid,Historical,Moddable,Multiplayer,Replay Value,Singleplayer,Tactical,Touch-Friendly,Turn-Based,,,Turn-Based Strategy,cooperative,steam-trading-cards,,,,,,,,,,,,,,,,
4386,Saints Row: The Third,2011-11-14T00:00:00,https://media.rawg.io/media/games/d69/d69810315bd7e226ea2d21f9156af629.jpg,3.92,14,PC,Linux,PlayStation 3,Xbox 360,,,Action,Adventure,Partial Controller Support,Character Customization,Comedy,Co-op,Crime,Female Protagonist,Funny,Great Soundtrack,Multiplayer,Online Co-Op,Open World,RPG,Sandbox,Satire,Singleplayer,Third Person,Third-Person Shooter,Zombies,cooperative,,,,,,,,,,,,,,,,,,,,,
17822,The Witcher: Enhanced Edition Director's Cut,2008-09-16T00:00:00,https://media.rawg.io/media/games/ee3/ee3e10193aafc3230ba1cae426967d10.jpg,4.08,5,PC,macOS,,,,,Action,RPG,Action RPG,Steam Cloud,Atmospheric,Based On A Novel,Choices Matter,Classic,Dark Fantasy,Fantasy,Great Soundtrack,Magic,Mature,Medieval,Multiple Endings,Nudity,Open World,RPG,Singleplayer,Story Rich,Third Person,,,,,,,,,,,,,,,,,,,,,
1447,Deus Ex: Mankind Divided,2016-08-22T00:00:00,https://media.rawg.io/media/games/c24/c24ec439abf4a2e92f3429dfa83f7f94.jpg,3.95,9,Linux,PC,PlayStation 4,Xbox One,macOS,,Action,RPG,Full controller support,Atmospheric,Conspiracy,Cyberpunk,Dystopian,First-Person,FPS,Futuristic,Great Soundtrack,Illuminati,Open World,RPG,Sci-fi,Singleplayer,Stealth,Story Rich,Third Person,Transhumanism,,,,,,,,,,,,,,,,,,,,,,
4828,Borderlands,2009-10-20T00:00:00,https://media.rawg.io/media/games/c6b/c6bfece1daf8d06bc0a60632ac78e5bf.jpg,3.87,10,PC,PlayStation 3,Xbox 360,,,,Action,Shooter,Action RPG,Partial Controller Support,Steam Achievements,Steam Cloud,Comedy,Co-op,Dark Humor,First-Person,FPS,Funny,Gore,Local Co-Op,Loot,Multiplayer,Online Co-Op,Open World,Post-apocalyptic,RPG,Sci-fi,RPG,,Singleplayer,cooperative,,,,,,,,,,,,,,,,,
416,Grand Theft Auto: San Andreas,2004-10-26T00:00:00,https://media.rawg.io/media/games/1bb/1bb86c35ffa3eb0d299b01a7c65bf908.jpg,4.48,2,PC,iOS,macOS,Android,PlayStation 3,Xbox 360,Action,Adventure,Partial Controller Support,Atmospheric,Classic,Comedy,Crime,Driving,Funny,Great Soundtrack,Mature,Moddable,Multiplayer,Open World,Sandbox,Singleplayer,Story Rich,Third Person,Remote Play on Phone,Remote Play on Tablet,,,,,,,PlayStation 2,Xbox,,,,,,,,,,,,,,
4514,L.A. Noire,2011-05-17T00:00:00,https://media.rawg.io/media/games/e2d/e2d3f396b16dded0f841c17c9799a882.jpg,4.15,8,PlayStation 4,PC,Xbox One,PlayStation 3,Nintendo Switch,Xbox 360,Action,Adventure,3D Vision,Partial Controller Support,Atmospheric,Cinematic,Crime,Detective,Investigation,Mature,Mystery,Noir,Nudity,Open World,RPG,Singleplayer,Story Rich,Third Person,Third-Person Shooter,,,,,,,,,,,,,,,,,,,,,,,
3696,Wolfenstein: The New Order,2014-05-19T00:00:00,https://media.rawg.io/media/games/c80/c80bcf321da44d69b18a06c04d942662.jpg,4.21,13,PC,PlayStation 3,Xbox 360,PlayStation 4,Xbox One,,Action,Shooter,Alternate History,Partial Controller Support,Steam Achievements,Steam Leaderboards,Atmospheric,Dystopian,First-Person,FPS,Gore,Great Soundtrack,Historical,Horror,Multiplayer,Robots,Sci-fi,Singleplayer,Stealth,Story Rich,War,,,World War II,,,,,,,,,,,,,,,,,,
4806,Mass Effect 2,2010-01-26T00:00:00,https://media.rawg.io/media/games/3cf/3cff89996570cf29a10eb9cd967dcf73.jpg,4.48,22,PC,PlayStation 3,Xbox 360,,,,Action,RPG,Action RPG,Atmospheric,Character Customization,Choices Matter,Cinematic,Classic,Female Protagonist,Great Soundtrack,Real-Time with Pause,Romance,RPG,Sci-fi,Singleplayer,Space,Story Rich,Third Person,Third-Person Shooter,,,,,,,,,,,,,,,,,,,,,,,
3636,The Last Of Us Remastered,2014-07-29T00:00:00,https://media.rawg.io/media/games/364/3642d850efb217c58feab80b8affaa89.jpg,4.69,16,PlayStation 4,,,,,,Action,Adventure,Action-Adventure,Action RPG,Atmospheric,Multiplayer,Stealth,Survival,Zombies,3rd-Person Perspective,exclusive,,,,,,,,,,,,,,,,,,,,,,,,,,,,,,,
58134,Marvel's Spider-Man,2018-09-07T00:00:00,https://media.rawg.io/media/games/9aa/9aa42d16d425fa6f179fc9dc2f763647.jpg,4.46,6,PlayStation 4,,,,,,Action,Adventure,Action-Adventure,America,Atmospheric,Beat 'em up,Cinematic,Comic Book,Exploration,Open World,Singleplayer,Superhero,3rd-Person Perspective,exclusive,true exclusive,new york,,,,,,,,,,,,,,,,,,,,,,,,,,
4161,Far Cry 3,2012-11-28T00:00:00,https://media.rawg.io/media/games/15c/15c95a4915f88a3e89c821526afe05fc.jpg,4.23,17,PC,PlayStation 3,Xbox 360,PlayStation 4,Xbox One,,Action,Shooter,Partial Controller Support,Atmospheric,Colorful,Co-op,Crafting,First-Person,FPS,Hunting,Multiplayer,Nudity,Online Co-Op,Open World,RPG,Sandbox,Singleplayer,Stealth,Story Rich,Survival,cooperative,,,,,,,,,,,,,,,,,,,,,
